"","treatment","source","moist_percent_mean","pH_mean","n_no3_ug_gsoil_mean","n_nh4_ug_gsoil_mean","c_percent_mean","n_percent_mean","C_N_mean","moist_percent_sd","pH_sd","n_no3_ug_gsoil_sd","n_nh4_ug_gsoil_sd","c_percent_sd","n_percent_sd","C_N_sd"
"1","M","bulk",19.35,4.955,0.4812,2.655525,3.69,0.205,18.090725,0.378593889720017,0.153731367434669,0.358387248657092,1.03053175068344,0.589293362143735,0.0369684550213647,1.22814374939038
"2","M","forb",19.175,4.62,0.965675,2.3659,4.995,0.265,18.907025,0.125830573921179,0.390128184062623,0.281437185117153,0.137671396206087,1.02458121526147,0.0591607978309962,0.353633438982609
"3","M","grass",19.175,4.4975,1.8323,2.448875,5.24,0.29,18.133025,0.0957427107756333,0.308693483356333,0.553646574991664,0.902903233556435,1.02998381864312,0.0627162924074226,1.02124857037844
"4","MF","bulk",19.425,5.2625,0.538325,2.337775,3.87,0.21,18.516575,0.287228132326902,0.0826135582092916,0.107630242806874,1.06526738544837,0.570204641627314,0.0346410161513775,1.22340545847782
"5","MF","forb",19.175,4.8775,0.921325,2.8949,4.2025,0.235,17.85875,0.149999999999999,0.370078820433341,0.415713967169736,0.652794168683105,0.457848228128055,0.0208166599946613,0.380084170502623
"6","MF","grass",19.15,4.8075,0.968325,2.53175,5.8225,0.33,17.621225,0.0999999999999996,0.248243831746128,0.249849372956321,0.818763578004461,2.71199035150693,0.153188337241014,0.490164165526884
